component,explained_variance_ratio,cumulative_explained_variance
PC1,0.2495638304670984,0.2495638304670984
PC2,0.18938279688716328,0.4389466273542617
PC3,0.12131059290814956,0.5602572202624113
PC4,0.10911135315187848,0.6693685734142898
PC5,0.09636011264687208,0.7657286860611618
